key,en,es,fr,de,it,pt,ru,ja,zh,ko
_langName,English,Español,Français,Deutsch,Italiano,Português,Русский,日本語,中文,한국어
subtitle,"Your vocabulary, song by song.","Tu vocabulario, canción por canción.","Ton vocabulaire, chanson après chanson.","Dein Wortschatz, Lied für Lied.","Il tuo vocabolario, canzone dopo canzone.","O seu vocabulário, música a música.","Ваш словарь, песня за песней.",あなたの語彙を、曲ごとに。,你的词汇，一首歌一首歌地积累。,노래 한 곡씩 쌓아 가는 당신의 어휘.
practiceSelected,▶ Practice selected,▶ Practicar seleccionadas,▶ Réviser la sélection,▶ Auswahl üben,▶ Esercitati sulle selezionate,▶ Praticar selecionadas,▶ Тренировать выбранные,▶ 選択した曲を練習,▶ 练习所选歌曲,▶ 선택한 곡 연습
newSong,＋ New song,＋ Nueva canción,＋ Nouvelle chanson,＋ Neues Lied,＋ Nuova canzone,＋ Nova música,＋ Новая песня,＋ 新しい曲,＋ 新建歌曲,＋ 새 노래
settings,⚙ Settings,⚙ Configuración,⚙ Paramètres,⚙ Einstellungen,⚙ Impostazioni,⚙ Configurações,⚙ Настройки,⚙ 設定,⚙ 设置,⚙ 설정
exit,✕ Exit,✕ Salir,✕ Quitter,✕ Beenden,✕ Esci,✕ Sair,✕ Выйти,✕ 終了,✕ 退出,✕ 종료
wordCount,{n} words,{n} palabras,{n} mots,{n} Wörter,{n} parole,{n} palavras,слов: {n},{n} 単語,{n} 个单词,단어 {n}개
wordCountOne,1 word,1 palabra,1 mot,1 Wort,1 parola,1 palavra,1 слово,1 単語,1 个单词,단어 1개
noSongs,No songs yet. Create your first one!,Todavía no hay canciones. ¡Creá la primera!,Aucune chanson pour l'instant. Créez la première !,Noch keine Lieder. Erstelle dein erstes!,Ancora nessuna canzone. Crea la prima!,Ainda não há músicas. Crie a primeira!,Песен пока нет. Создайте первую!,まだ曲がありません。最初の1曲を作りましょう！,还没有歌曲。来创建第一首吧！,아직 노래가 없어요. 첫 곡을 만들어 보세요!
hintNavigate,navigate,moverse,naviguer,navigieren,naviga,navegar,навигация,移動,移动,이동
hintSelect,select,seleccionar,sélectionner,auswählen,seleziona,selecionar,выбрать,選択,选择,선택
hintSongActions,song actions,acciones de la canción,actions de la chanson,Aktionen zum Lied,azioni della canzone,ações da música,действия с песней,曲の操作,歌曲操作,노래 작업
hintConfirm,confirm,confirmar,confirmer,bestätigen,conferma,confirmar,подтвердить,決定,确认,확인
hintExit,exit,salir,quitter,beenden,esci,sair,выйти,終了,退出,종료
actPractice,▶ Practice,▶ Practicar,▶ Réviser,▶ Üben,▶ Esercitati,▶ Praticar,▶ Тренировать,▶ 練習,▶ 练习,▶ 연습
actEdit,✎ Edit,✎ Editar,✎ Modifier,✎ Bearbeiten,✎ Modifica,✎ Editar,✎ Изменить,✎ 編集,✎ 编辑,✎ 수정
actDelete,🗑 Delete,🗑 Eliminar,🗑 Supprimer,🗑 Löschen,🗑 Elimina,🗑 Excluir,🗑 Удалить,🗑 削除,🗑 删除,🗑 삭제
confirmDelete,Delete “{title}” and all its words?,¿Eliminar “{title}” y todas sus palabras?,Supprimer “{title}” et tous ses mots ?,„{title}“ und alle seine Wörter löschen?,Eliminare “{title}” e tutte le sue parole?,Excluir “{title}” e todas as suas palavras?,Удалить «{title}» и все её слова?,「{title}」とその単語をすべて削除しますか？,删除“{title}”及其全部单词？,“{title}”과(와) 그 단어를 모두 삭제할까요?
toastSelectFirst,Select at least one song first — press Space on it.,Seleccioná al menos una canción — presioná Espacio sobre ella.,Sélectionnez d'abord au moins une chanson — appuyez sur Espace.,Wähle zuerst mindestens ein Lied aus — drücke dafür die Leertaste.,Seleziona prima almeno una canzone — premi Spazio su di essa.,Selecione pelo menos uma música primeiro — pressione Espaço sobre ela.,Сначала выберите хотя бы одну песню — нажмите на ней пробел.,まず曲を1つ以上選んでください — スペースキーで選択します。,请先选择至少一首歌曲 —— 在歌曲上按空格键。,먼저 노래를 하나 이상 선택하세요 — 노래 위에서 스페이스를 누르세요.
toastCreateFirst,Create a song first to start practicing.,Creá una canción primero para empezar a practicar.,Créez d'abord une chanson pour commencer à réviser.,"Erstelle zuerst ein Lied, um mit dem Üben zu beginnen.",Crea prima una canzone per iniziare a esercitarti.,Crie uma música primeiro para começar a praticar.,"Сначала создайте песню, чтобы начать тренировку.",練習を始めるには、まず曲を作成してください。,请先创建一首歌曲，然后开始练习。,연습을 시작하려면 먼저 노래를 만드세요.
editTitle,✎ Edit song,✎ Editar canción,✎ Modifier la chanson,✎ Lied bearbeiten,✎ Modifica canzone,✎ Editar música,✎ Изменить песню,✎ 曲を編集,✎ 编辑歌曲,✎ 노래 수정
newTitle,＋ New song,＋ Nueva canción,＋ Nouvelle chanson,＋ Neues Lied,＋ Nuova canzone,＋ Nova música,＋ Новая песня,＋ 新しい曲,＋ 新建歌曲,＋ 새 노래
editorSubtitle,"Write the words from the song and what they mean, in any pair of languages.","Escribí las palabras de la canción y su significado, en el par de idiomas que quieras.","Écrivez les mots de la chanson et leur signification, dans la paire de langues que vous voulez.","Schreibe die Wörter aus dem Lied und ihre Bedeutung auf, in jedem beliebigen Sprachpaar.","Scrivi le parole della canzone e il loro significato, nella coppia di lingue che preferisci.","Escreva as palavras da música e o que elas significam, em qualquer par de idiomas.",Запишите слова из песни и их значения — на любой паре языков.,曲に出てくる単語と、その意味を書きましょう。言語の組み合わせは自由です。,写下歌曲里的单词和它们的意思，语言组合随你选。,노래에 나오는 단어와 그 뜻을 원하는 언어 조합으로 적어 보세요.
songTitle,Song title,Título de la canción,Titre de la chanson,Titel des Liedes,Titolo della canzone,Título da música,Название песни,曲のタイトル,歌曲标题,노래 제목
titleExample,E.g.: Counting Stars — OneRepublic,Ej.: Counting Stars — OneRepublic,Ex. : Counting Stars — OneRepublic,Z. B.: Counting Stars — OneRepublic,Es.: Counting Stars — OneRepublic,Ex.: Counting Stars — OneRepublic,Напр.: Counting Stars — OneRepublic,例：Counting Stars — OneRepublic,例如：Counting Stars — OneRepublic,예: Counting Stars — OneRepublic
coverImage,Cover image (optional),Imagen de portada (opcional),Image de couverture (facultatif),Coverbild (optional),Immagine di copertina (facoltativa),Imagem de capa (opcional),Обложка (необязательно),カバー画像（任意）,封面图片（可选）,커버 이미지 (선택)
bgColor,Practice background color,Color de fondo al practicar,Couleur de fond pendant la révision,Hintergrundfarbe beim Üben,Colore di sfondo durante l'esercizio,Cor de fundo ao praticar,Цвет фона во время тренировки,練習中の背景色,练习时的背景色,연습 화면 배경색
colorAuto,Auto (taken from the cover),Automático (tomado de la portada),Automatique (tirée de la couverture),Automatisch (vom Cover übernommen),Automatico (preso dalla copertina),Automática (tirada da capa),Автоматически (взять с обложки),自動（カバー画像から取得）,自动（取自封面）,자동 (커버에서 가져오기)
wordsLabel,Words,Palabras,Mots,Wörter,Parole,Palavras,Слова,単語,单词,단어
wordPh,Word (as it appears in the song),Palabra (como aparece en la canción),Mot (tel qu'il apparaît dans la chanson),Wort (wie es im Lied vorkommt),Parola (come appare nella canzone),Palavra (como aparece na música),Слово (как в песне),単語（曲に出てくるとおりに）,单词（按歌里出现的样子）,단어 (노래에 나오는 그대로)
translationPh,Translation,Traducción,Traduction,Übersetzung,Traduzione,Tradução,Перевод,訳,翻译,번역
removeWord,Remove this word,Quitar esta palabra,Retirer ce mot,Dieses Wort entfernen,Rimuovi questa parola,Remover esta palavra,Убрать это слово,この単語を削除,移除这个单词,이 단어 삭제
save,✓ Save,✓ Guardar,✓ Enregistrer,✓ Speichern,✓ Salva,✓ Salvar,✓ Сохранить,✓ 保存,✓ 保存,✓ 저장
cancel,← Cancel,← Cancelar,← Annuler,← Abbrechen,← Annulla,← Cancelar,← Отмена,← キャンセル,← 取消,← 취소
errIncomplete,Some words are incomplete: fill both columns or remove them.,Hay palabras incompletas: completá ambas columnas o quitalas.,Certains mots sont incomplets : remplissez les deux colonnes ou retirez-les.,Einige Wörter sind unvollständig: Fülle beide Spalten aus oder entferne sie.,Alcune parole sono incomplete: riempi entrambe le colonne o rimuovile.,Algumas palavras estão incompletas: preencha as duas colunas ou remova-as.,Некоторые слова заполнены не полностью: заполните оба столбца или уберите их.,未入力の単語があります。両方の列を埋めるか、削除してください。,有些单词还没填完：请填好两列，或者把它们移除。,비어 있는 단어가 있어요. 두 칸을 모두 채우거나 삭제하세요.
errNoTitle,The song needs a title.,La canción necesita un título.,La chanson a besoin d'un titre.,Das Lied braucht einen Titel.,La canzone ha bisogno di un titolo.,A música precisa de um título.,Песне нужно название.,曲にはタイトルが必要です。,歌曲需要一个标题。,노래에는 제목이 필요해요.
leaveNoSave,Leave without saving your changes?,¿Salir sin guardar los cambios?,Quitter sans enregistrer vos modifications ?,Ohne Speichern der Änderungen verlassen?,Uscire senza salvare le modifiche?,Sair sem salvar as alterações?,"Выйти, не сохранив изменения?",変更を保存せずに戻りますか？,不保存修改就离开吗？,변경 사항을 저장하지 않고 나갈까요?
hintNextField,next field,siguiente campo,champ suivant,nächstes Feld,campo successivo,próximo campo,следующее поле,次の入力欄,下一个输入框,다음 칸
hintAdvance,advance / new word,avanzar / nueva palabra,avancer / nouveau mot,weiter / neues Wort,avanza / nuova parola,avançar / nova palavra,дальше / новое слово,進む / 単語を追加,前进 / 新单词,다음 / 단어 추가
hintRemoveRow,empty row: remove it,fila vacía: quitarla,ligne vide : la retirer,leere Zeile: entfernen,riga vuota: rimuovila,linha vazia: removê-la,пустая строка: убрать,空の行：削除,空行：移除,빈 줄: 삭제
hintBackNoSave,back without saving,volver sin guardar,retour sans enregistrer,zurück ohne Speichern,indietro senza salvare,voltar sem salvar,назад без сохранения,保存せずに戻る,不保存返回,저장 없이 뒤로
writeWord,Write the word,Escribí la palabra,Écrivez le mot,Schreibe das Wort,Scrivi la parola,Escreva a palavra,Напишите слово,単語を入力,写出这个单词,단어를 입력하세요
writeTranslation,Write the translation,Escribí la traducción,Écrivez la traduction,Schreibe die Übersetzung,Scrivi la traduzione,Escreva a tradução,Напишите перевод,訳を入力,写出翻译,번역을 입력하세요
progress,Word {n} of {total},Palabra {n} de {total},Mot {n} sur {total},Wort {n} von {total},Parola {n} di {total},Palavra {n} de {total},Слово {n} из {total},{total} 個中 {n} 個目,第 {n} 个，共 {total} 个,{total}개 중 {n}번째 단어
correct,✓ Correct!,✓ ¡Correcto!,✓ Correct !,✓ Richtig!,✓ Esatto!,✓ Correto!,✓ Верно!,✓ 正解！,✓ 正确！,✓ 정답!
wrongWas,✗ It was: {answer},✗ Era: {answer},✗ C'était : {answer},✗ Es war: {answer},✗ Era: {answer},✗ Era: {answer},✗ Было: {answer},✗ 正解は：{answer},✗ 正确答案是：{answer},✗ 정답은: {answer}
complete,Practice complete!,¡Práctica completa!,Révision terminée !,Übung abgeschlossen!,Esercizio completato!,Prática concluída!,Тренировка завершена!,練習が終わりました！,练习完成！,연습을 마쳤어요!
result,You got {hits} of {total} words right on the first try ({pct}%).,Acertaste {hits} de {total} palabras al primer intento ({pct}%).,Vous avez trouvé {hits} mots sur {total} du premier coup ({pct} %).,Du hattest {hits} von {total} Wörtern beim ersten Versuch richtig ({pct} %).,Hai indovinato {hits} parole su {total} al primo tentativo ({pct}%).,Você acertou {hits} de {total} palavras na primeira tentativa ({pct}%).,Вы угадали {hits} из {total} слов с первой попытки ({pct} %).,{total} 個のうち {hits} 個を一発で正解しました（{pct}%）。,你第一次就答对了 {total} 个单词中的 {hits} 个（{pct}%）。,{total}개 중 {hits}개를 첫 번째 시도에 맞혔어요 ({pct}%).
again,↻ Practice again,↻ Practicar de nuevo,↻ Réviser à nouveau,↻ Nochmal üben,↻ Esercitati di nuovo,↻ Praticar de novo,↻ Тренировать снова,↻ もう一度練習,↻ 再练一次,↻ 다시 연습
backToList,← Back to the list,← Volver a la lista,← Retour à la liste,← Zurück zur Liste,← Torna alla lista,← Voltar à lista,← Назад к списку,← 一覧に戻る,← 返回列表,← 목록으로
hintCheck,check,comprobar,vérifier,prüfen,controlla,verificar,проверить,確認,检查,확인
hintEndPractice,end practice,terminar práctica,terminer,Übung beenden,termina esercizio,encerrar prática,завершить,練習を終える,结束练习,연습 끝내기
hintChoose,choose,elegir,choisir,wählen,scegli,escolher,выбрать,選ぶ,选择,고르기
hintBack,back,volver,retour,zurück,indietro,voltar,назад,戻る,返回,뒤로
settingsTitle,⚙ Settings,⚙ Configuración,⚙ Paramètres,⚙ Einstellungen,⚙ Impostazioni,⚙ Configurações,⚙ Настройки,⚙ 設定,⚙ 设置,⚙ 설정
settingsSubtitle,How you want to practice.,Cómo querés practicar.,Comment vous voulez réviser.,Wie du üben möchtest.,Come vuoi esercitarti.,Como você quer praticar.,Как вы хотите тренироваться.,どんなふうに練習しますか。,你想怎么练习。,어떻게 연습할지 정하세요.
catLanguage,Interface language,Idioma de la interfaz,Langue de l'interface,Sprache der Oberfläche,Lingua dell'interfaccia,Idioma da interface,Язык интерфейса,表示言語,界面语言,인터페이스 언어
langDesc,Press Enter to choose another language.,Presioná Enter para elegir otro idioma.,Appuyez sur Entrée pour choisir une autre langue.,"Drücken Sie die Eingabetaste, um eine andere Sprache zu wählen.",Premi Invio per scegliere un'altra lingua.,Pressione Enter para escolher outro idioma.,"Нажмите Enter, чтобы выбрать другой язык.",Enterキーで他の言語を選べます。,按 Enter 选择其他语言。,Enter 키를 눌러 다른 언어를 선택하세요.
catDirection,Practice direction,Dirección de práctica,Sens de la révision,Übungsrichtung,Direzione dell'esercizio,Direção da prática,Направление тренировки,出題の向き,练习方向,연습 방향
catMistakes,Mistakes,Errores,Erreurs,Fehler,Errori,Erros,Ошибки,間違い,错误,오답
catChecking,Answer checking,Comprobación de respuestas,Vérification des réponses,Antwortprüfung,Controllo delle risposte,Verificação das respostas,Проверка ответов,答え合わせ,答案检查,정답 확인
dirToWord,Translation → Word,Traducción → Palabra,Traduction → Mot,Übersetzung → Wort,Traduzione → Parola,Tradução → Palavra,Перевод → Слово,訳 → 単語,翻译 → 单词,번역 → 단어
dirToWordDesc,You see your translation and type the word as it appears in the song.,Ves tu traducción y escribís la palabra como aparece en la canción.,Vous voyez votre traduction et tapez le mot tel qu'il apparaît dans la chanson.,"Du siehst deine Übersetzung und tippst das Wort so, wie es im Lied vorkommt.",Vedi la tua traduzione e scrivi la parola come appare nella canzone.,Você vê a sua tradução e digita a palavra como ela aparece na música.,"Вы видите свой перевод и вводите слово так, как оно звучит в песне.",自分の訳が表示され、曲に出てくるとおりに単語を入力します。,你看到自己的翻译，然后按歌里的样子写出单词。,"내 번역을 보고, 노래에 나오는 그대로 단어를 입력해요."
dirToTranslation,Word → Translation,Palabra → Traducción,Mot → Traduction,Wort → Übersetzung,Parola → Traduzione,Palavra → Tradução,Слово → Перевод,単語 → 訳,单词 → 翻译,단어 → 번역
dirToTranslationDesc,You see the word from the song and type your translation.,Ves la palabra de la canción y escribís tu traducción.,Vous voyez le mot de la chanson et tapez votre traduction.,Du siehst das Wort aus dem Lied und tippst deine Übersetzung.,Vedi la parola della canzone e scrivi la tua traduzione.,Você vê a palavra da música e digita a sua tradução.,Вы видите слово из песни и вводите свой перевод.,曲の単語が表示され、自分の訳を入力します。,你看到歌里的单词，然后写出自己的翻译。,"노래 속 단어를 보고, 내 번역을 입력해요."
retryLabel,Ask missed words again,Repreguntar las falladas,Redemander les mots ratés,Falsche Wörter erneut fragen,Richiedi le parole sbagliate,Perguntar de novo as erradas,Спрашивать ошибочные снова,間違えた単語をもう一度出す,重新提问答错的单词,틀린 단어 다시 묻기
retryDesc,A word you miss comes back at the end of its song until you get it.,Una palabra fallada vuelve al final de su canción hasta que la aciertes.,Un mot raté revient à la fin de sa chanson jusqu'à ce que vous le trouviez.,"Ein falsch beantwortetes Wort kommt am Ende seines Liedes zurück, bis du es kannst.",Una parola sbagliata torna alla fine della sua canzone finché non la indovini.,Uma palavra errada volta no fim da música dela até você acertar.,"Слово с ошибкой возвращается в конце своей песни, пока вы его не угадаете.",間違えた単語は、正解するまでその曲の最後にもう一度出てきます。,答错的单词会在它所属歌曲的最后再次出现，直到你答对为止。,틀린 단어는 맞힐 때까지 해당 노래의 마지막에 다시 나와요.
accentsLabel,Ignore accents,Ignorar tildes,Ignorer les accents,Akzente ignorieren,Ignora gli accenti,Ignorar acentos,Не учитывать диакритику,アクセント記号を無視,忽略变音符号,악센트 무시
accentsDesc,é counts as e: “cancion” is accepted for “canción”.,é cuenta como e: “cancion” se acepta para “canción”.,é compte comme e : “eleve” est accepté pour “élevé”.,é zählt wie e: „schon“ wird für „schön“ akzeptiert.,é conta come e: “perche” è accettato per “perché”.,é conta como e: “cafe” é aceito para “café”.,é считается как e: «cancion» принимается вместо «canción».,é は e として扱います：「canción」に「cancion」も正解になります。,é 视同 e：“cancion”也算“canción”正确。,é는 e로 봐요: “canción”에 “cancion”도 정답이에요.
hintChange,change,cambiar,changer,ändern,cambia,mudar,изменить,変更,更改,변경
yes,Yes,Sí,Oui,Ja,Sì,Sim,Да,はい,是,예
no,No,No,Non,Nein,No,Não,Нет,いいえ,否,아니요
goodbyeTitle,See you soon!,¡Hasta pronto!,À bientôt !,Bis bald!,A presto!,Até breve!,До скорого!,またね！,回头见！,또 만나요!
goodbyeBody,The server has stopped. You can close this tab now.,El servidor se detuvo. Ya podés cerrar esta pestaña.,Le serveur s'est arrêté. Vous pouvez fermer cet onglet.,Der Server wurde beendet. Du kannst diesen Tab jetzt schließen.,Il server si è fermato. Ora puoi chiudere questa scheda.,O servidor foi encerrado. Você já pode fechar esta aba.,Сервер остановлен. Теперь можно закрыть эту вкладку.,サーバーを停止しました。このタブを閉じて大丈夫です。,服务器已停止，现在可以关闭这个标签页了。,서버가 멈췄어요. 이제 이 탭을 닫아도 됩니다.
